DataYear,ZipCode,BuildingType,Electricity(kWh)
2015,98101,Campus,26590125.0
2015,98101,Multifamily HR (10+),68619100.0
2015,98101,Multifamily LR (1-4),3110103.0
2015,98101,Multifamily MR (5-9),16200779.0
2015,98101,NonResidential,510131508.0
2015,98101,Nonresidential COS,8588963.0
2015,98102,Multifamily HR (10+),4218597.0
2015,98102,Multifamily LR (1-4),16263938.0
2015,98102,Multifamily MR (5-9),18447228.0
2015,98102,NonResidential,40624847.0
2015,98102,SPS-District K-12,869747.0
2015,98103,Campus,9725151.0
2015,98103,Multifamily HR (10+),2071839.0
2015,98103,Multifamily LR (1-4),19532690.0
2015,98103,Multifamily MR (5-9),8952114.0
2015,98103,NonResidential,35782330.0
2015,98103,Nonresidential COS,2223443.0
2015,98103,SPS-District K-12,1690793.0
2015,98104,Campus,50420018.0
2015,98104,Multifamily HR (10+),30046792.0
2015,98104,Multifamily LR (1-4),8104479.0
2015,98104,Multifamily MR (5-9),22841845.0
2015,98104,NonResidential,298903692.0
2015,98104,Nonresidential COS,34411298.0
2015,98105,Campus,33629360.0
2015,98105,Multifamily HR (10+),3126445.0
2015,98105,Multifamily LR (1-4),18196830.0
2015,98105,Multifamily MR (5-9),17154909.0
2015,98105,NonResidential,64439670.0
2015,98105,Nonresidential COS,271567.0
2015,98105,Nonresidential WA,20102519.0
2015,98105,SPS-District K-12,661698.0
2015,98106,Campus,7293375.0
2015,98106,Multifamily LR (1-4),10695431.0
2015,98106,Multifamily MR (5-9),3890085.0
2015,98106,NonResidential,9671626.0
2015,98106,Nonresidential COS,1029444.0
2015,98106,SPS-District K-12,4231688.0
2015,98107,Campus,9469708.0
2015,98107,Multifamily LR (1-4),5963978.0
2015,98107,Multifamily MR (5-9),21637462.0
2015,98107,NonResidential,27261072.0
2015,98107,Nonresidential COS,1398283.0
2015,98107,SPS-District K-12,518178.0
2015,98108,Campus,15103647.0
2015,98108,Multifamily LR (1-4),3575966.0
2015,98108,NonResidential,41372307.0
2015,98108,Nonresidential COS,517709.0
2015,98108,Nonresidential WA,182708.0
2015,98108,SPS-District K-12,2461656.0
2015,98109,Multifamily HR (10+),5828519.0
2015,98109,Multifamily LR (1-4),20893871.0
2015,98109,Multifamily MR (5-9),35006432.0
2015,98109,NonResidential,240998627.0
2015,98109,Nonresidential COS,11459828.0
2015,98109,SPS-District K-12,751354.0
2015,98112,Campus,14551449.0
2015,98112,Multifamily HR (10+),3773380.0
2015,98112,Multifamily LR (1-4),9310123.0
2015,98112,Multifamily MR (5-9),1689386.0
2015,98112,NonResidential,9478781.0
2015,98112,SPS-District K-12,482627.0
2015,98115,Campus,931897.0
2015,98115,Multifamily HR (10+),1078704.0
2015,98115,Multifamily LR (1-4),18984546.0
2015,98115,Multifamily MR (5-9),6728644.0
2015,98115,NonResidential,24905014.0
2015,98115,Nonresidential COS,3804667.0
2015,98115,Nonresidential WA,2615758.0
2015,98115,SPS-District K-12,4881614.0
2015,98116,Multifamily LR (1-4),9626861.0
2015,98116,Multifamily MR (5-9),12076196.0
2015,98116,NonResidential,10401225.0
2015,98116,SPS-District K-12,2747944.0
2015,98117,Multifamily LR (1-4),2664460.0
2015,98117,Multifamily MR (5-9),2108596.0
2015,98117,NonResidential,8210198.0
2015,98117,Nonresidential COS,194997.0
2015,98117,SPS-District K-12,4077396.0
2015,98118,Campus,14022240.0
2015,98118,Multifamily LR (1-4),17125748.0
2015,98118,Multifamily MR (5-9),3990567.0
2015,98118,NonResidential,20351651.0
2015,98118,Nonresidential COS,2216684.0
2015,98118,Nonresidential WA,154439.0
2015,98118,SPS-District K-12,6017435.0
2015,98119,Campus,15719185.0
2015,98119,Multifamily HR (10+),3796257.0
2015,98119,Multifamily LR (1-4),12647103.0
2015,98119,Multifamily MR (5-9),12518351.0
2015,98119,NonResidential,63940347.0
2015,98119,Nonresidential COS,267992.0
2015,98119,SPS-District K-12,932066.0
2015,98121,Campus,4371882.0
2015,98121,Multifamily HR (10+),54419181.0
2015,98121,Multifamily LR (1-4),3268939.0
2015,98121,Multifamily MR (5-9),36407509.0
2015,98121,NonResidential,223699855.0
2015,98121,Nonresidential COS,531446.0
2015,98122,Campus,80736598.0
2015,98122,Multifamily HR (10+),1148546.0
2015,98122,Multifamily LR (1-4),16824904.0
2015,98122,Multifamily MR (5-9),26626246.0
2015,98122,NonResidential,42888317.0
2015,98122,Nonresidential COS,2141007.0
2015,98122,SPS-District K-12,3804064.0
2015,98125,Campus,4943321.0
2015,98125,Multifamily LR (1-4),33002141.0
2015,98125,Multifamily MR (5-9),19846984.0
2015,98125,NonResidential,34323006.0
2015,98125,Nonresidential COS,1009404.0
2015,98125,SPS-District K-12,2396186.0
2015,98126,Multifamily LR (1-4),8019543.0
2015,98126,Multifamily MR (5-9),7205142.0
2015,98126,NonResidential,13787239.0
2015,98126,Nonresidential COS,831334.0
2015,98126,SPS-District K-12,1091466.0
2015,98133,Campus,12432580.0
2015,98133,Multifamily HR (10+),2123557.0
2015,98133,Multifamily LR (1-4),22278681.0
2015,98133,Multifamily MR (5-9),9936328.0
2015,98133,NonResidential,36099442.0
2015,98133,Nonresidential COS,481089.0
2015,98133,SPS-District K-12,1624959.0
2015,98134,Campus,26740486.0
2015,98134,Multifamily LR (1-4),994799.0
2015,98134,NonResidential,135565116.0
2015,98134,Nonresidential COS,12977535.0
2015,98134,Nonresidential WA,592628.0
2015,98134,SPS-District K-12,5468026.0
2015,98136,Multifamily LR (1-4),5731449.0
2015,98136,Multifamily MR (5-9),1606415.0
2015,98136,NonResidential,1971095.0
2015,98136,SPS-District K-12,336785.0
2015,98144,Multifamily HR (10+),1512129.0
2015,98144,Multifamily LR (1-4),10356025.0
2015,98144,Multifamily MR (5-9),9360522.0
2015,98144,NonResidential,27887130.0
2015,98144,Nonresidential COS,529328.0
2015,98144,Nonresidential WA,534956.0
2015,98144,SPS-District K-12,4463532.0
2015,98146,Multifamily LR (1-4),867144.0
2015,98146,NonResidential,340715.0
2015,98155,Multifamily LR (1-4),581646.0
2015,98155,NonResidential,3611333.0
2015,98177,NonResidential,2407967.0
2015,98177,SPS-District K-12,252292.0
2015,98178,NonResidential,601062.0
2015,98199,Multifamily LR (1-4),9153962.0
2015,98199,Multifamily MR (5-9),2909905.0
2015,98199,NonResidential,3816942.0
2015,98199,SPS-District K-12,345828.0
2016,98101,Campus,24584326.0
2016,98101,Multifamily HR (10+),70710580.0
2016,98101,Multifamily LR (1-4),3078060.0
2016,98101,Multifamily MR (5-9),16703910.0
2016,98101,NonResidential,505630832.0
2016,98101,Nonresidential COS,8120994.0
2016,98102,Multifamily HR (10+),4208210.0
2016,98102,Multifamily LR (1-4),16611587.0
2016,98102,Multifamily MR (5-9),21232564.0
2016,98102,NonResidential,38240713.0
2016,98102,SPS-District K-12,875483.0
2016,98103,Campus,9803879.0
2016,98103,Multifamily HR (10+),1942935.0
2016,98103,Multifamily LR (1-4),20129048.0
2016,98103,Multifamily MR (5-9),9681149.0
2016,98103,NonResidential,34008028.0
2016,98103,Nonresidential COS,2275063.0
2016,98103,SPS-District K-12,1709911.0
2016,98104,Campus,49760009.0
2016,98104,Multifamily HR (10+),30212049.0
2016,98104,Multifamily LR (1-4),7979049.0
2016,98104,Multifamily MR (5-9),23861102.0
2016,98104,NonResidential,312679051.0
2016,98104,Nonresidential COS,32864335.0
2016,98105,Campus,33892512.0
2016,98105,Multifamily HR (10+),3289116.0
2016,98105,Multifamily LR (1-4),18816804.0
2016,98105,Multifamily MR (5-9),18697465.0
2016,98105,NonResidential,67729796.0
2016,98105,Nonresidential COS,282657.0
2016,98105,Nonresidential WA,215192612.0
2016,98105,SPS-District K-12,971500.0
2016,98106,Campus,7419278.0
2016,98106,Multifamily LR (1-4),10964352.0
2016,98106,Multifamily MR (5-9),3984465.0
2016,98106,NonResidential,21119449.0
2016,98106,Nonresidential COS,1021292.0
2016,98106,SPS-District K-12,4275201.0
2016,98107,Campus,10327440.0
2016,98107,Multifamily LR (1-4),6175174.0
2016,98107,Multifamily MR (5-9),23698176.0
2016,98107,NonResidential,27750351.0
2016,98107,Nonresidential COS,1569681.0
2016,98107,SPS-District K-12,464944.0
2016,98108,Campus,59377901.0
2016,98108,Multifamily LR (1-4),3625985.0
2016,98108,NonResidential,42925396.0
2016,98108,Nonresidential COS,289842.0
2016,98108,Nonresidential WA,185928.0
2016,98108,SPS-District K-12,2442115.0
2016,98109,Multifamily HR (10+),5449407.0
2016,98109,Multifamily LR (1-4),23200563.0
2016,98109,Multifamily MR (5-9),37602449.0
2016,98109,NonResidential,256002818.0
2016,98109,Nonresidential COS,5226164.0
2016,98109,SPS-District K-12,762188.0
2016,98112,Campus,14641418.0
2016,98112,Multifamily HR (10+),3873450.0
2016,98112,Multifamily LR (1-4),9725207.0
2016,98112,Multifamily MR (5-9),1706958.0
2016,98112,NonResidential,9441727.0
2016,98112,Nonresidential COS,369540.0
2016,98112,SPS-District K-12,520615.0
2016,98115,Campus,969429.0
2016,98115,Multifamily HR (10+),1166894.0
2016,98115,Multifamily LR (1-4),20847355.0
2016,98115,Multifamily MR (5-9),7774808.0
2016,98115,NonResidential,24953865.0
2016,98115,Nonresidential COS,3775190.0
2016,98115,Nonresidential WA,2642108.0
2016,98115,SPS-District K-12,4902553.0
2016,98116,Multifamily LR (1-4),10088918.0
2016,98116,Multifamily MR (5-9),16217623.0
2016,98116,NonResidential,10462286.0
2016,98116,SPS-District K-12,3209746.0
2016,98117,Multifamily LR (1-4),2595904.0
2016,98117,Multifamily MR (5-9),2153587.0
2016,98117,NonResidential,8047273.0
2016,98117,Nonresidential COS,193124.0
2016,98117,SPS-District K-12,4264548.0
2016,98118,Campus,13109950.0
2016,98118,Multifamily LR (1-4),17910787.0
2016,98118,Multifamily MR (5-9),4698845.0
2016,98118,NonResidential,18993360.0
2016,98118,Nonresidential COS,2148759.0
2016,98118,Nonresidential WA,149141.0
2016,98118,SPS-District K-12,6074201.0
2016,98119,Campus,15693097.0
2016,98119,Multifamily HR (10+),3736831.0
2016,98119,Multifamily LR (1-4),13203978.0
2016,98119,Multifamily MR (5-9),13654012.0
2016,98119,NonResidential,64823491.0
2016,98119,Nonresidential COS,259177.0
2016,98119,SPS-District K-12,943858.0
2016,98121,Campus,4041282.0
2016,98121,Multifamily HR (10+),57821994.0
2016,98121,Multifamily LR (1-4),3374339.0
2016,98121,Multifamily MR (5-9),36334688.0
2016,98121,NonResidential,229450541.0
2016,98121,Nonresidential COS,498054.0
2016,98122,Campus,80763570.0
2016,98122,Multifamily HR (10+),1263898.0
2016,98122,Multifamily LR (1-4),17275872.0
2016,98122,Multifamily MR (5-9),29896850.0
2016,98122,NonResidential,42629478.0
2016,98122,Nonresidential COS,2169706.0
2016,98122,SPS-District K-12,4037320.0
2016,98125,Campus,4755138.0
2016,98125,Multifamily LR (1-4),33633470.0
2016,98125,Multifamily MR (5-9),19788461.0
2016,98125,NonResidential,33198488.0
2016,98125,Nonresidential COS,1202977.0
2016,98125,SPS-District K-12,2510611.0
2016,98126,Multifamily LR (1-4),8343563.0
2016,98126,Multifamily MR (5-9),7343680.0
2016,98126,NonResidential,13600432.0
2016,98126,Nonresidential COS,894882.0
2016,98126,SPS-District K-12,1123796.0
2016,98133,Campus,12562770.0
2016,98133,Multifamily HR (10+),2087043.0
2016,98133,Multifamily LR (1-4),22526585.0
2016,98133,Multifamily MR (5-9),10299497.0
2016,98133,NonResidential,37021341.0
2016,98133,Nonresidential COS,709870.0
2016,98133,SPS-District K-12,1671014.0
2016,98134,Campus,25882363.0
2016,98134,Multifamily LR (1-4),1006704.0
2016,98134,NonResidential,144113954.0
2016,98134,Nonresidential COS,13212443.0
2016,98134,Nonresidential WA,515961.0
2016,98134,SPS-District K-12,5327047.0
2016,98136,Multifamily LR (1-4),5826415.0
2016,98136,Multifamily MR (5-9),1632721.0
2016,98136,NonResidential,1957484.0
2016,98136,SPS-District K-12,339524.0
2016,98144,Multifamily HR (10+),1402485.0
2016,98144,Multifamily LR (1-4),10784047.0
2016,98144,Multifamily MR (5-9),10480254.0
2016,98144,NonResidential,28469144.0
2016,98144,Nonresidential COS,591605.0
2016,98144,Nonresidential WA,625200.0
2016,98144,SPS-District K-12,4497063.0
2016,98146,Multifamily LR (1-4),890782.0
2016,98146,NonResidential,253847.0
2016,98146,SPS-District K-12,176088.0
2016,98155,Multifamily LR (1-4),600163.0
2016,98155,NonResidential,3751232.0
2016,98177,NonResidential,2381366.0
2016,98177,SPS-District K-12,261881.0
2016,98178,NonResidential,601751.0
2016,98178,SPS-District K-12,192707.0
2016,98199,Multifamily LR (1-4),9158164.0
2016,98199,Multifamily MR (5-9),2917961.0
2016,98199,NonResidential,3875421.0
2016,98199,SPS-District K-12,356855.0
2017,98101,Campus,24411149.0
2017,98101,Multifamily HR (10+),71803839.0
2017,98101,Multifamily LR (1-4),3008899.0
2017,98101,Multifamily MR (5-9),16492338.0
2017,98101,NonResidential,504247738.0
2017,98101,Nonresidential COS,8607063.0
2017,98102,Multifamily HR (10+),4695085.0
2017,98102,Multifamily LR (1-4),16700938.0
2017,98102,Multifamily MR (5-9),21113914.0
2017,98102,NonResidential,38547026.0
2017,98102,SPS-District K-12,855826.0
2017,98103,Campus,10099170.0
2017,98103,Multifamily HR (10+),2012374.0
2017,98103,Multifamily LR (1-4),22382159.0
2017,98103,Multifamily MR (5-9),10286708.0
2017,98103,NonResidential,35842228.0
2017,98103,Nonresidential COS,2221618.0
2017,98103,SPS-District K-12,1694434.0
2017,98104,Campus,47259917.0
2017,98104,Multifamily HR (10+),31295777.0
2017,98104,Multifamily LR (1-4),7978492.0
2017,98104,Multifamily MR (5-9),26054181.0
2017,98104,NonResidential,319356447.0
2017,98104,Nonresidential COS,29490752.0
2017,98105,Campus,32581390.0
2017,98105,Multifamily HR (10+),3583300.0
2017,98105,Multifamily LR (1-4),19232194.0
2017,98105,Multifamily MR (5-9),19466874.0
2017,98105,NonResidential,70402064.0
2017,98105,Nonresidential COS,264992.0
2017,98105,Nonresidential WA,220084986.0
2017,98105,SPS-District K-12,976683.0
2017,98106,Campus,7050876.0
2017,98106,Multifamily LR (1-4),8937555.0
2017,98106,Multifamily MR (5-9),4201852.0
2017,98106,NonResidential,19176975.0
2017,98106,Nonresidential COS,994547.0
2017,98106,SPS-District K-12,4134552.0
2017,98107,Campus,9522534.0
2017,98107,Multifamily LR (1-4),6369473.0
2017,98107,Multifamily MR (5-9),26665100.0
2017,98107,NonResidential,29772168.0
2017,98107,Nonresidential COS,1528765.0
2017,98107,SPS-District K-12,502684.0
2017,98108,Campus,62394044.0
2017,98108,Multifamily LR (1-4),3813138.0
2017,98108,NonResidential,42356861.0
2017,98108,Nonresidential COS,567963.0
2017,98108,Nonresidential WA,191385.0
2017,98108,SPS-District K-12,2397767.0
2017,98109,Multifamily HR (10+),5512321.0
2017,98109,Multifamily LR (1-4),22516061.0
2017,98109,Multifamily MR (5-9),43180817.0
2017,98109,NonResidential,261254438.0
2017,98109,Nonresidential COS,5157984.0
2017,98109,SPS-District K-12,789772.0
2017,98112,Campus,13321053.0
2017,98112,Multifamily HR (10+),4104324.0
2017,98112,Multifamily LR (1-4),10341516.0
2017,98112,Multifamily MR (5-9),1749432.0
2017,98112,NonResidential,9298876.0
2017,98112,Nonresidential COS,483874.0
2017,98112,SPS-District K-12,810944.0
2017,98115,Campus,937991.0
2017,98115,Multifamily HR (10+),1235885.0
2017,98115,Multifamily LR (1-4),21119442.0
2017,98115,Multifamily MR (5-9),9044591.0
2017,98115,NonResidential,24705585.0
2017,98115,Nonresidential COS,3841908.0
2017,98115,Nonresidential WA,2584511.0
2017,98115,SPS-District K-12,5162147.0
2017,98116,Multifamily LR (1-4),10499282.0
2017,98116,Multifamily MR (5-9),17708971.0
2017,98116,NonResidential,10473223.0
2017,98116,SPS-District K-12,3155250.0
2017,98117,Multifamily LR (1-4),2665136.0
2017,98117,Multifamily MR (5-9),2750415.0
2017,98117,NonResidential,7916863.0
2017,98117,Nonresidential COS,225584.0
2017,98117,SPS-District K-12,4034026.0
2017,98118,Campus,13264890.0
2017,98118,Multifamily LR (1-4),19216764.0
2017,98118,Multifamily MR (5-9),5072783.0
2017,98118,NonResidential,18662045.0
2017,98118,Nonresidential COS,2152322.0
2017,98118,Nonresidential WA,172051.0
2017,98118,SPS-District K-12,5982463.0
2017,98119,Campus,15739602.0
2017,98119,Multifamily HR (10+),3145345.0
2017,98119,Multifamily LR (1-4),15175961.0
2017,98119,Multifamily MR (5-9),14075783.0
2017,98119,NonResidential,65276427.0
2017,98119,Nonresidential COS,265898.0
2017,98119,SPS-District K-12,932169.0
2017,98121,Campus,4346199.0
2017,98121,Multifamily HR (10+),64047724.0
2017,98121,Multifamily LR (1-4),3473913.0
2017,98121,Multifamily MR (5-9),36749680.0
2017,98121,NonResidential,245642482.0
2017,98121,Nonresidential COS,551053.0
2017,98122,Campus,78803111.0
2017,98122,Multifamily HR (10+),1280012.0
2017,98122,Multifamily LR (1-4),18671129.0
2017,98122,Multifamily MR (5-9),36260008.0
2017,98122,NonResidential,50153435.0
2017,98122,Nonresidential COS,2279327.0
2017,98122,SPS-District K-12,4282585.0
2017,98125,Campus,4663488.0
2017,98125,Multifamily LR (1-4),33964248.0
2017,98125,Multifamily MR (5-9),20375822.0
2017,98125,NonResidential,32864327.0
2017,98125,Nonresidential COS,1133677.0
2017,98125,SPS-District K-12,4013454.0
2017,98126,Multifamily LR (1-4),8260302.0
2017,98126,Multifamily MR (5-9),8894287.0
2017,98126,NonResidential,12906696.0
2017,98126,Nonresidential COS,943705.0
2017,98126,SPS-District K-12,1157573.0
2017,98133,Campus,12363660.0
2017,98133,Multifamily HR (10+),2171854.0
2017,98133,Multifamily LR (1-4),23529958.0
2017,98133,Multifamily MR (5-9),10173596.0
2017,98133,NonResidential,37592836.0
2017,98133,Nonresidential COS,708599.0
2017,98133,SPS-District K-12,1621229.0
2017,98134,Campus,26133034.0
2017,98134,Multifamily LR (1-4),1110114.0
2017,98134,NonResidential,145261511.0
2017,98134,Nonresidential COS,12012425.0
2017,98134,Nonresidential WA,242425.0
2017,98134,SPS-District K-12,5250794.0
2017,98136,Multifamily LR (1-4),5947727.0
2017,98136,Multifamily MR (5-9),1600957.0
2017,98136,NonResidential,1965563.0
2017,98136,SPS-District K-12,342184.0
2017,98144,Multifamily HR (10+),1428701.0
2017,98144,Multifamily LR (1-4),11275692.0
2017,98144,Multifamily MR (5-9),12077358.0
2017,98144,NonResidential,27307970.0
2017,98144,Nonresidential COS,537632.0
2017,98144,Nonresidential WA,665200.0
2017,98144,SPS-District K-12,4336180.0
2017,98146,Multifamily LR (1-4),897204.0
2017,98146,NonResidential,281650.0
2017,98146,SPS-District K-12,326773.0
2017,98155,Multifamily LR (1-4),662208.0
2017,98155,NonResidential,3587522.0
2017,98177,NonResidential,2258488.0
2017,98177,SPS-District K-12,280103.0
2017,98178,NonResidential,573231.0
2017,98178,SPS-District K-12,202339.0
2017,98195,Nonresidential WA,53753042.0
2017,98199,Multifamily LR (1-4),9322501.0
2017,98199,Multifamily MR (5-9),3098181.0
2017,98199,NonResidential,3833406.0
2017,98199,SPS-District K-12,720812.0
2018,98101,Campus,23982693.0
2018,98101,Multifamily HR (10+),77475754.0
2018,98101,Multifamily LR (1-4),3469089.0
2018,98101,Multifamily MR (5-9),15500156.0
2018,98101,NonResidential,659996213.0
2018,98101,Nonresidential COS,8739140.0
2018,98102,Multifamily HR (10+),4650386.0
2018,98102,Multifamily LR (1-4),15905752.0
2018,98102,Multifamily MR (5-9),22461083.0
2018,98102,NonResidential,37343357.0
2018,98102,SPS-District K-12,787452.0
2018,98103,Campus,9748726.0
2018,98103,Multifamily HR (10+),1939109.0
2018,98103,Multifamily LR (1-4),21691019.0
2018,98103,Multifamily MR (5-9),11127546.0
2018,98103,NonResidential,42688566.0
2018,98103,Nonresidential COS,2165280.0
2018,98103,SPS-District K-12,1414058.0
2018,98104,Campus,33312782.0
2018,98104,Multifamily HR (10+),29350320.0
2018,98104,Multifamily LR (1-4),7922002.0
2018,98104,Multifamily MR (5-9),26848631.0
2018,98104,NonResidential,316858249.0
2018,98104,Nonresidential COS,28376980.0
2018,98105,Campus,31212440.0
2018,98105,Multifamily HR (10+),3389873.0
2018,98105,Multifamily LR (1-4),19775685.0
2018,98105,Multifamily MR (5-9),20274914.0
2018,98105,NonResidential,72895036.0
2018,98105,Nonresidential COS,249548.0
2018,98105,Nonresidential WA,32178239.0
2018,98105,SPS-District K-12,805624.0
2018,98106,Campus,11522066.0
2018,98106,Multifamily LR (1-4),10146857.0
2018,98106,Multifamily MR (5-9),4119407.0
2018,98106,NonResidential,9425649.0
2018,98106,Nonresidential COS,977103.0
2018,98106,SPS-District K-12,3899186.0
2018,98107,Campus,9151495.0
2018,98107,Multifamily LR (1-4),6168834.0
2018,98107,Multifamily MR (5-9),26529476.0
2018,98107,NonResidential,27269216.0
2018,98107,Nonresidential COS,1419825.0
2018,98107,SPS-District K-12,371789.0
2018,98108,Campus,62927797.0
2018,98108,Multifamily LR (1-4),3715346.0
2018,98108,NonResidential,42822461.0
2018,98108,Nonresidential COS,652432.0
2018,98108,Nonresidential WA,169772.0
2018,98108,SPS-District K-12,2220467.0
2018,98109,Multifamily HR (10+),5349449.0
2018,98109,Multifamily LR (1-4),21250817.0
2018,98109,Multifamily MR (5-9),47302977.0
2018,98109,NonResidential,312107605.0
2018,98109,Nonresidential COS,5124788.0
2018,98109,SPS-District K-12,675657.0
2018,98112,Campus,13558578.0
2018,98112,Multifamily HR (10+),3927735.0
2018,98112,Multifamily LR (1-4),10157799.0
2018,98112,Multifamily MR (5-9),2531132.0
2018,98112,NonResidential,9101134.0
2018,98112,Nonresidential COS,362389.0
2018,98112,SPS-District K-12,737840.0
2018,98115,Campus,935773.0
2018,98115,Multifamily HR (10+),1123159.0
2018,98115,Multifamily LR (1-4),20530125.0
2018,98115,Multifamily MR (5-9),12083385.0
2018,98115,NonResidential,27693413.0
2018,98115,Nonresidential COS,4056089.0
2018,98115,Nonresidential WA,2657721.0
2018,98115,SPS-District K-12,4317389.0
2018,98116,Multifamily LR (1-4),10127487.0
2018,98116,Multifamily MR (5-9),17711717.0
2018,98116,NonResidential,10168225.0
2018,98116,SPS-District K-12,2954708.0
2018,98117,Multifamily LR (1-4),3201658.0
2018,98117,Multifamily MR (5-9),2732672.0
2018,98117,NonResidential,7621617.0
2018,98117,Nonresidential COS,169368.0
2018,98117,SPS-District K-12,3579740.0
2018,98118,Multifamily LR (1-4),18275016.0
2018,98118,Multifamily MR (5-9),5442856.0
2018,98118,NonResidential,17836688.0
2018,98118,Nonresidential COS,2068339.0
2018,98118,Nonresidential WA,168578.0
2018,98118,SPS-District K-12,5126720.0
2018,98119,Campus,43405586.0
2018,98119,Multifamily HR (10+),2966454.0
2018,98119,Multifamily LR (1-4),14195108.0
2018,98119,Multifamily MR (5-9),13659323.0
2018,98119,NonResidential,55889246.0
2018,98119,Nonresidential COS,251275.0
2018,98119,SPS-District K-12,966669.0
2018,98121,Campus,7946844.0
2018,98121,Multifamily HR (10+),62519644.0
2018,98121,Multifamily LR (1-4),3352883.0
2018,98121,Multifamily MR (5-9),33817051.0
2018,98121,NonResidential,239018498.0
2018,98121,Nonresidential COS,473958.0
2018,98122,Campus,78077249.0
2018,98122,Multifamily HR (10+),1155733.0
2018,98122,Multifamily LR (1-4),18145937.0
2018,98122,Multifamily MR (5-9),40118019.0
2018,98122,NonResidential,40734152.0
2018,98122,Nonresidential COS,2357697.0
2018,98122,SPS-District K-12,3769951.0
2018,98125,Campus,4340436.0
2018,98125,Multifamily LR (1-4),33741861.0
2018,98125,Multifamily MR (5-9),20566838.0
2018,98125,NonResidential,32115533.0
2018,98125,Nonresidential COS,1062607.0
2018,98125,SPS-District K-12,3210332.0
2018,98126,Multifamily LR (1-4),8470781.0
2018,98126,Multifamily MR (5-9),9039403.0
2018,98126,NonResidential,12315566.0
2018,98126,Nonresidential COS,844835.0
2018,98126,SPS-District K-12,947499.0
2018,98133,Campus,12104140.0
2018,98133,Multifamily HR (10+),1974399.0
2018,98133,Multifamily LR (1-4),22687273.0
2018,98133,Multifamily MR (5-9),13086437.0
2018,98133,NonResidential,33828313.0
2018,98133,Nonresidential COS,672995.0
2018,98133,SPS-District K-12,1410915.0
2018,98134,Campus,53221418.0
2018,98134,Multifamily LR (1-4),1007108.0
2018,98134,NonResidential,137217211.0
2018,98134,Nonresidential COS,12149363.0
2018,98134,Nonresidential WA,265807.0
2018,98134,SPS-District K-12,5202967.0
2018,98136,Multifamily LR (1-4),5441693.0
2018,98136,Multifamily MR (5-9),1572271.0
2018,98136,NonResidential,1776557.0
2018,98136,SPS-District K-12,319477.0
2018,98144,Multifamily HR (10+),1402676.0
2018,98144,Multifamily LR (1-4),11077167.0
2018,98144,Multifamily MR (5-9),11471571.0
2018,98144,NonResidential,26050414.0
2018,98144,Nonresidential COS,550490.0
2018,98144,Nonresidential WA,640074.0
2018,98144,SPS-District K-12,3895120.0
2018,98146,Multifamily LR (1-4),853300.0
2018,98146,NonResidential,272765.0
2018,98146,SPS-District K-12,206445.0
2018,98155,Multifamily LR (1-4),587469.0
2018,98155,NonResidential,3373160.0
2018,98177,Multifamily LR (1-4),745230.0
2018,98177,NonResidential,2092666.0
2018,98177,SPS-District K-12,263685.0
2018,98178,NonResidential,166479.0
2018,98178,SPS-District K-12,204602.0
2018,98195,Nonresidential WA,54089422.0
2018,98199,Multifamily LR (1-4),9084828.0
2018,98199,Multifamily MR (5-9),3050831.0
2018,98199,NonResidential,4408927.0
2018,98199,SPS-District K-12,654550.0
2019,98101,Campus,23061598.0
2019,98101,Multifamily HR (10+),81342273.0
2019,98101,Multifamily LR (1-4),3839072.0
2019,98101,Multifamily MR (5-9),14966920.0
2019,98101,NonResidential,492306960.0
2019,98101,Nonresidential COS,8511001.0
2019,98102,Multifamily HR (10+),4592909.0
2019,98102,Multifamily LR (1-4),15835547.0
2019,98102,Multifamily MR (5-9),23431059.0
2019,98102,NonResidential,36394570.0
2019,98102,SPS-District K-12,749479.0
2019,98103,Campus,8383088.0
2019,98103,Multifamily HR (10+),1835407.0
2019,98103,Multifamily LR (1-4),22725699.0
2019,98103,Multifamily MR (5-9),11141038.0
2019,98103,NonResidential,43614605.0
2019,98103,Nonresidential COS,2123735.0
2019,98103,SPS-District K-12,2563351.0
2019,98104,Campus,30752286.0
2019,98104,Multifamily HR (10+),33017273.0
2019,98104,Multifamily LR (1-4),7852085.0
2019,98104,Multifamily MR (5-9),28032378.0
2019,98104,NonResidential,330030721.0
2019,98104,Nonresidential COS,28328686.0
2019,98105,Campus,31313220.0
2019,98105,Multifamily HR (10+),3325325.0
2019,98105,Multifamily LR (1-4),19042284.0
2019,98105,Multifamily MR (5-9),21000391.0
2019,98105,NonResidential,71017829.0
2019,98105,Nonresidential COS,238524.0
2019,98105,Nonresidential WA,32383310.0
2019,98105,SPS-District K-12,842060.0
2019,98106,Campus,12872931.0
2019,98106,Multifamily LR (1-4),11060471.0
2019,98106,Multifamily MR (5-9),4044071.0
2019,98106,NonResidential,8943593.0
2019,98106,Nonresidential COS,1002577.0
2019,98106,Nonresidential WA,429748.0
2019,98106,SPS-District K-12,3959310.0
2019,98107,Campus,8966823.0
2019,98107,Multifamily LR (1-4),6123400.0
2019,98107,Multifamily MR (5-9),25701866.0
2019,98107,NonResidential,26769549.0
2019,98107,Nonresidential COS,1376988.0
2019,98107,SPS-District K-12,364425.0
2019,98108,Campus,61751618.0
2019,98108,Multifamily LR (1-4),3839593.0
2019,98108,NonResidential,41704009.0
2019,98108,Nonresidential COS,641928.0
2019,98108,Nonresidential WA,169022.0
2019,98108,SPS-District K-12,2306229.0
2019,98109,Multifamily HR (10+),9616481.0
2019,98109,Multifamily LR (1-4),22576359.0
2019,98109,Multifamily MR (5-9),57369104.0
2019,98109,NonResidential,323576573.0
2019,98109,Nonresidential COS,6832674.0
2019,98109,Nonresidential WA,10577130.0
2019,98109,SPS-District K-12,794145.0
2019,98112,Campus,13803260.0
2019,98112,Multifamily HR (10+),3558578.0
2019,98112,Multifamily LR (1-4),10399024.0
2019,98112,Multifamily MR (5-9),1890739.0
2019,98112,NonResidential,8507626.0
2019,98112,Nonresidential COS,381458.0
2019,98112,SPS-District K-12,1021151.0
2019,98115,Campus,915520.0
2019,98115,Multifamily HR (10+),1222730.0
2019,98115,Multifamily LR (1-4),21435820.0
2019,98115,Multifamily MR (5-9),12377998.0
2019,98115,NonResidential,27395876.0
2019,98115,Nonresidential COS,4353878.0
2019,98115,Nonresidential WA,2800410.0
2019,98115,SPS-District K-12,5085591.0
2019,98116,Multifamily LR (1-4),10176191.0
2019,98116,Multifamily MR (5-9),19636343.0
2019,98116,NonResidential,10392806.0
2019,98116,SPS-District K-12,2901675.0
2019,98117,Multifamily LR (1-4),3470883.0
2019,98117,Multifamily MR (5-9),3169693.0
2019,98117,NonResidential,8854626.0
2019,98117,Nonresidential COS,179646.0
2019,98117,SPS-District K-12,3646629.0
2019,98118,Multifamily LR (1-4),19975852.0
2019,98118,Multifamily MR (5-9),7718491.0
2019,98118,NonResidential,17668106.0
2019,98118,Nonresidential COS,1982100.0
2019,98118,Nonresidential WA,163349.0
2019,98118,SPS-District K-12,5411977.0
2019,98119,Campus,45943416.0
2019,98119,Multifamily HR (10+),3918421.0
2019,98119,Multifamily LR (1-4),13824061.0
2019,98119,Multifamily MR (5-9),14202040.0
2019,98119,NonResidential,49065107.0
2019,98119,Nonresidential COS,252431.0
2019,98119,SPS-District K-12,950745.0
2019,98121,Campus,7804543.0
2019,98121,Multifamily HR (10+),65587018.0
2019,98121,Multifamily LR (1-4),3439042.0
2019,98121,Multifamily MR (5-9),33930795.0
2019,98121,NonResidential,254765251.0
2019,98121,Nonresidential COS,451034.0
2019,98122,Campus,76970120.0
2019,98122,Multifamily HR (10+),1133993.0
2019,98122,Multifamily LR (1-4),17596745.0
2019,98122,Multifamily MR (5-9),45134256.0
2019,98122,NonResidential,38682495.0
2019,98122,Nonresidential COS,1508924.0
2019,98122,SPS-District K-12,4004763.0
2019,98125,Campus,3400518.0
2019,98125,Multifamily LR (1-4),34602444.0
2019,98125,Multifamily MR (5-9),21283180.0
2019,98125,NonResidential,29594761.0
2019,98125,Nonresidential COS,952663.0
2019,98125,SPS-District K-12,2963246.0
2019,98126,Multifamily LR (1-4),8826538.0
2019,98126,Multifamily MR (5-9),8689338.0
2019,98126,NonResidential,11807426.0
2019,98126,Nonresidential COS,762662.0
2019,98126,SPS-District K-12,1088906.0
2019,98133,Campus,0.0
2019,98133,Multifamily HR (10+),2006282.0
2019,98133,Multifamily LR (1-4),21246433.0
2019,98133,Multifamily MR (5-9),13600820.0
2019,98133,NonResidential,32633602.0
2019,98133,Nonresidential COS,714500.0
2019,98133,SPS-District K-12,1547081.0
2019,98134,Campus,47101704.0
2019,98134,Multifamily LR (1-4),1017963.0
2019,98134,NonResidential,135753892.0
2019,98134,Nonresidential COS,11888062.0
2019,98134,Nonresidential WA,333667.0
2019,98134,SPS-District K-12,4870507.0
2019,98136,Multifamily LR (1-4),5307278.0
2019,98136,Multifamily MR (5-9),1620556.0
2019,98136,NonResidential,1886250.0
2019,98136,SPS-District K-12,340496.0
2019,98144,Multifamily HR (10+),1477154.0
2019,98144,Multifamily LR (1-4),11156072.0
2019,98144,Multifamily MR (5-9),11962606.0
2019,98144,NonResidential,26235662.0
2019,98144,Nonresidential COS,484458.0
2019,98144,Nonresidential WA,631567.0
2019,98144,SPS-District K-12,4082937.0
2019,98146,Multifamily LR (1-4),855720.0
2019,98146,NonResidential,268796.0
2019,98146,SPS-District K-12,343143.0
2019,98155,Multifamily LR (1-4),561155.0
2019,98155,NonResidential,3510812.0
2019,98177,Multifamily LR (1-4),738487.0
2019,98177,NonResidential,2020346.0
2019,98177,SPS-District K-12,291361.0
2019,98178,NonResidential,170760.0
2019,98178,SPS-District K-12,218260.0
2019,98195,Nonresidential WA,52713033.0
2019,98199,Multifamily LR (1-4),9228089.0
2019,98199,Multifamily MR (5-9),2996338.0
2019,98199,NonResidential,4305832.0
2019,98199,SPS-District K-12,582475.0
2020,98101,Campus,16474944.0
2020,98101,Multifamily HR (10+),74974481.0
2020,98101,Multifamily LR (1-4),3748578.0
2020,98101,Multifamily MR (5-9),15374802.0
2020,98101,NonResidential,410326261.0
2020,98101,Nonresidential COS,7029897.0
2020,98102,Multifamily HR (10+),4571349.0
2020,98102,Multifamily LR (1-4),16665671.0
2020,98102,Multifamily MR (5-9),23872855.0
2020,98102,NonResidential,38875261.0
2020,98102,SPS-District K-12,588134.0
2020,98103,Campus,7779095.0
2020,98103,Multifamily HR (10+),1740522.0
2020,98103,Multifamily LR (1-4),22751389.0
2020,98103,Multifamily MR (5-9),11917730.0
2020,98103,NonResidential,37690500.0
2020,98103,Nonresidential COS,1997760.0
2020,98103,SPS-District K-12,3295901.0
2020,98104,Campus,33287488.0
2020,98104,Multifamily HR (10+),34342058.0
2020,98104,Multifamily LR (1-4),7750267.0
2020,98104,Multifamily MR (5-9),31582066.0
2020,98104,NonResidential,295211038.0
2020,98104,Nonresidential COS,26338172.0
2020,98105,Campus,30960470.0
2020,98105,Multifamily HR (10+),1635802.0
2020,98105,Multifamily LR (1-4),18323030.0
2020,98105,Multifamily MR (5-9),21658418.0
2020,98105,NonResidential,62587274.0
2020,98105,Nonresidential COS,251388.0
2020,98105,Nonresidential WA,29629951.0
2020,98105,SPS-District K-12,707777.0
2020,98106,Campus,10269995.0
2020,98106,Multifamily LR (1-4),11109679.0
2020,98106,Multifamily MR (5-9),4070049.0
2020,98106,NonResidential,8122341.0
2020,98106,Nonresidential COS,925970.0
2020,98106,Nonresidential WA,391521.0
2020,98106,SPS-District K-12,3079241.0
2020,98107,Campus,8713498.0
2020,98107,Multifamily LR (1-4),6326247.0
2020,98107,Multifamily MR (5-9),26357986.0
2020,98107,NonResidential,26988601.0
2020,98107,Nonresidential COS,1435036.0
2020,98107,SPS-District K-12,323737.0
2020,98108,Campus,56715937.0
2020,98108,Multifamily LR (1-4),4207130.0
2020,98108,NonResidential,37283386.0
2020,98108,Nonresidential COS,580378.0
2020,98108,Nonresidential WA,71293.0
2020,98108,SPS-District K-12,1788459.0
2020,98109,Multifamily HR (10+),12438456.0
2020,98109,Multifamily LR (1-4),22655492.0
2020,98109,Multifamily MR (5-9),61147358.0
2020,98109,NonResidential,285668118.0
2020,98109,Nonresidential COS,5234086.0
2020,98109,Nonresidential WA,10972440.0
2020,98109,SPS-District K-12,591724.0
2020,98112,Campus,12997619.0
2020,98112,Multifamily HR (10+),3772067.0
2020,98112,Multifamily LR (1-4),10784868.0
2020,98112,Multifamily MR (5-9),2086827.0
2020,98112,NonResidential,8733582.0
2020,98112,Nonresidential COS,2016231.0
2020,98112,SPS-District K-12,850057.0
2020,98115,Campus,739213.0
2020,98115,Multifamily HR (10+),1196129.0
2020,98115,Multifamily LR (1-4),23786990.0
2020,98115,Multifamily MR (5-9),15204566.0
2020,98115,NonResidential,24018764.0
2020,98115,Nonresidential COS,3360395.0
2020,98115,Nonresidential WA,2573976.0
2020,98115,SPS-District K-12,4015172.0
2020,98116,Multifamily LR (1-4),11514445.0
2020,98116,Multifamily MR (5-9),18143188.0
2020,98116,NonResidential,9204125.0
2020,98116,SPS-District K-12,2289929.0
2020,98117,Multifamily LR (1-4),3688409.0
2020,98117,Multifamily MR (5-9),3146387.0
2020,98117,NonResidential,7242674.0
2020,98117,Nonresidential COS,96154.0
2020,98117,SPS-District K-12,3194255.0
2020,98118,Multifamily LR (1-4),20225960.0
2020,98118,Multifamily MR (5-9),7901410.0
2020,98118,NonResidential,17089741.0
2020,98118,Nonresidential COS,1474852.0
2020,98118,Nonresidential WA,140762.0
2020,98118,SPS-District K-12,4343960.0
2020,98119,Campus,45570411.0
2020,98119,Multifamily HR (10+),3902984.0
2020,98119,Multifamily LR (1-4),14556220.0
2020,98119,Multifamily MR (5-9),16469194.0
2020,98119,NonResidential,44991853.0
2020,98119,Nonresidential COS,161316.0
2020,98119,SPS-District K-12,698694.0
2020,98121,Campus,5421784.0
2020,98121,Multifamily HR (10+),80621298.0
2020,98121,Multifamily LR (1-4),3487818.0
2020,98121,Multifamily MR (5-9),35887235.0
2020,98121,NonResidential,252341458.0
2020,98121,Nonresidential COS,433823.0
2020,98122,Campus,71849317.0
2020,98122,Multifamily HR (10+),1225650.0
2020,98122,Multifamily LR (1-4),17720557.0
2020,98122,Multifamily MR (5-9),48905231.0
2020,98122,NonResidential,37226995.0
2020,98122,Nonresidential COS,1349232.0
2020,98122,SPS-District K-12,3354883.0
2020,98125,Campus,1839019.0
2020,98125,Multifamily LR (1-4),34995371.0
2020,98125,Multifamily MR (5-9),23130006.0
2020,98125,NonResidential,24275798.0
2020,98125,Nonresidential COS,737537.0
2020,98125,SPS-District K-12,2524808.0
2020,98126,Multifamily LR (1-4),8806217.0
2020,98126,Multifamily MR (5-9),8741619.0
2020,98126,NonResidential,10105596.0
2020,98126,Nonresidential COS,644862.0
2020,98126,SPS-District K-12,951270.0
2020,98133,Campus,13933470.0
2020,98133,Multifamily HR (10+),1972074.0
2020,98133,Multifamily LR (1-4),22223600.0
2020,98133,Multifamily MR (5-9),13381710.0
2020,98133,NonResidential,31524285.0
2020,98133,Nonresidential COS,693415.0
2020,98133,SPS-District K-12,1182260.0
2020,98134,Campus,45006382.0
2020,98134,Multifamily LR (1-4),1037847.0
2020,98134,NonResidential,116160208.0
2020,98134,Nonresidential COS,11480239.0
2020,98134,Nonresidential WA,478832.0
2020,98134,SPS-District K-12,4705971.0
2020,98136,Multifamily LR (1-4),5733927.0
2020,98136,Multifamily MR (5-9),1667951.0
2020,98136,NonResidential,222722.0
2020,98136,SPS-District K-12,287091.0
2020,98144,Multifamily HR (10+),1534756.0
2020,98144,Multifamily LR (1-4),11326743.0
2020,98144,Multifamily MR (5-9),13522811.0
2020,98144,NonResidential,23638752.0
2020,98144,Nonresidential COS,308198.0
2020,98144,Nonresidential WA,453912.0
2020,98144,SPS-District K-12,3401385.0
2020,98146,Multifamily LR (1-4),881754.0
2020,98146,NonResidential,249429.0
2020,98146,SPS-District K-12,343103.0
2020,98155,Multifamily LR (1-4),572290.0
2020,98155,NonResidential,3298409.0
2020,98177,Multifamily LR (1-4),767650.0
2020,98177,NonResidential,1930313.0
2020,98177,SPS-District K-12,252074.0
2020,98178,NonResidential,145032.0
2020,98178,SPS-District K-12,153769.0
2020,98195,Nonresidential WA,50566944.0
2020,98199,Multifamily LR (1-4),8929661.0
2020,98199,Multifamily MR (5-9),3016000.0
2020,98199,NonResidential,3991421.0
2020,98199,SPS-District K-12,516166.0
2021,98101,Campus,16951940.0
2021,98101,Multifamily HR (10+),69710325.0
2021,98101,Multifamily LR (1-4),3320783.0
2021,98101,Multifamily MR (5-9),14795722.0
2021,98101,NonResidential,400756581.0
2021,98101,Nonresidential COS,7163944.0
2021,98102,Multifamily HR (10+),3955706.0
2021,98102,Multifamily LR (1-4),15791703.0
2021,98102,Multifamily MR (5-9),21115601.0
2021,98102,NonResidential,40618935.0
2021,98102,SPS-District K-12,612224.0
2021,98103,Campus,7662266.0
2021,98103,Multifamily HR (10+),1743055.0
2021,98103,Multifamily LR (1-4),21119517.0
2021,98103,Multifamily MR (5-9),12167877.0
2021,98103,NonResidential,37275828.0
2021,98103,Nonresidential COS,2149484.0
2021,98103,SPS-District K-12,4757575.0
2021,98104,Campus,33596922.0
2021,98104,Multifamily HR (10+),25250744.0
2021,98104,Multifamily LR (1-4),7426978.0
2021,98104,Multifamily MR (5-9),31599531.0
2021,98104,NonResidential,298926765.0
2021,98104,Nonresidential COS,25780703.0
2021,98104,SPS-District K-12,194232.0
2021,98105,Campus,29886780.0
2021,98105,Multifamily HR (10+),5547079.0
2021,98105,Multifamily LR (1-4),14572879.0
2021,98105,Multifamily MR (5-9),21599906.0
2021,98105,NonResidential,60145124.0
2021,98105,Nonresidential COS,270354.0
2021,98105,Nonresidential WA,39571593.0
2021,98105,SPS-District K-12,912348.0
2021,98106,Campus,6941776.0
2021,98106,Multifamily LR (1-4),11206185.0
2021,98106,Multifamily MR (5-9),4121579.0
2021,98106,NonResidential,8145940.0
2021,98106,Nonresidential COS,898199.0
2021,98106,Nonresidential WA,528391.0
2021,98106,SPS-District K-12,3882755.0
2021,98107,Campus,8995018.0
2021,98107,Multifamily LR (1-4),5586262.0
2021,98107,Multifamily MR (5-9),25016172.0
2021,98107,NonResidential,29313776.0
2021,98107,Nonresidential COS,1263870.0
2021,98107,SPS-District K-12,429150.0
2021,98108,Campus,55383147.0
2021,98108,Multifamily LR (1-4),4243151.0
2021,98108,NonResidential,34554664.0
2021,98108,Nonresidential COS,445460.0
2021,98108,Nonresidential WA,159154.0
2021,98108,SPS-District K-12,2227319.0
2021,98109,Multifamily HR (10+),11082820.0
2021,98109,Multifamily LR (1-4),19246794.0
2021,98109,Multifamily MR (5-9),57921132.0
2021,98109,NonResidential,308435309.0
2021,98109,Nonresidential COS,5231334.0
2021,98109,Nonresidential WA,11241910.0
2021,98109,SPS-District K-12,891924.0
2021,98112,Campus,13383366.0
2021,98112,Multifamily HR (10+),2003746.0
2021,98112,Multifamily LR (1-4),8289561.0
2021,98112,Multifamily MR (5-9),3572409.0
2021,98112,NonResidential,6223068.0
2021,98112,Nonresidential COS,2241261.0
2021,98112,SPS-District K-12,1070739.0
2021,98115,Campus,895870.0
2021,98115,Multifamily HR (10+),1187905.0
2021,98115,Multifamily LR (1-4),19382676.0
2021,98115,Multifamily MR (5-9),15357751.0
2021,98115,NonResidential,23523962.0
2021,98115,Nonresidential COS,3585138.0
2021,98115,Nonresidential WA,3124852.0
2021,98115,SPS-District K-12,5233465.0
2021,98116,Multifamily LR (1-4),11855063.0
2021,98116,Multifamily MR (5-9),20230379.0
2021,98116,NonResidential,5332263.0
2021,98116,SPS-District K-12,3365527.0
2021,98117,Multifamily LR (1-4),2950811.0
2021,98117,Multifamily MR (5-9),3217382.0
2021,98117,NonResidential,7151737.0
2021,98117,Nonresidential COS,106912.0
2021,98117,SPS-District K-12,4880890.0
2021,98118,Multifamily LR (1-4),16294596.0
2021,98118,Multifamily MR (5-9),7514019.0
2021,98118,NonResidential,17108196.0
2021,98118,Nonresidential COS,1475079.0
2021,98118,Nonresidential WA,0.0
2021,98118,SPS-District K-12,5258129.0
2021,98119,Campus,47373550.0
2021,98119,Multifamily HR (10+),1052935.0
2021,98119,Multifamily LR (1-4),12673554.0
2021,98119,Multifamily MR (5-9),15753042.0
2021,98119,NonResidential,45497464.0
2021,98119,Nonresidential COS,179052.0
2021,98119,SPS-District K-12,947149.0
2021,98121,Campus,14578654.0
2021,98121,Multifamily HR (10+),75860261.0
2021,98121,Multifamily LR (1-4),2567867.0
2021,98121,Multifamily MR (5-9),30067297.0
2021,98121,NonResidential,141741537.0
2021,98121,Nonresidential COS,432746.0
2021,98122,Campus,71585311.0
2021,98122,Multifamily HR (10+),1274552.0
2021,98122,Multifamily LR (1-4),15778013.0
2021,98122,Multifamily MR (5-9),47226384.0
2021,98122,NonResidential,43024524.0
2021,98122,Nonresidential COS,1502927.0
2021,98122,SPS-District K-12,4000675.0
2021,98125,Campus,1333552.0
2021,98125,Multifamily LR (1-4),30793080.0
2021,98125,Multifamily MR (5-9),22908589.0
2021,98125,NonResidential,20633611.0
2021,98125,Nonresidential COS,696359.0
2021,98125,SPS-District K-12,3226489.0
2021,98126,Multifamily LR (1-4),8794459.0
2021,98126,Multifamily MR (5-9),8031919.0
2021,98126,NonResidential,8126200.0
2021,98126,Nonresidential COS,460681.0
2021,98126,SPS-District K-12,1031226.0
2021,98133,Campus,13174830.0
2021,98133,Multifamily HR (10+),2007998.0
2021,98133,Multifamily LR (1-4),20465653.0
2021,98133,Multifamily MR (5-9),12915498.0
2021,98133,NonResidential,31262797.0
2021,98133,Nonresidential COS,1057800.0
2021,98133,SPS-District K-12,1501743.0
2021,98134,Campus,42384038.0
2021,98134,Multifamily LR (1-4),1033949.0
2021,98134,NonResidential,96781733.0
2021,98134,Nonresidential COS,11909726.0
2021,98134,Nonresidential WA,430155.0
2021,98134,SPS-District K-12,5183123.0
2021,98136,Multifamily LR (1-4),4172628.0
2021,98136,Multifamily MR (5-9),1144262.0
2021,98136,NonResidential,1612181.0
2021,98136,SPS-District K-12,351608.0
2021,98144,Multifamily HR (10+),1603188.0
2021,98144,Multifamily LR (1-4),10770028.0
2021,98144,Multifamily MR (5-9),17034855.0
2021,98144,NonResidential,22820900.0
2021,98144,Nonresidential COS,403164.0
2021,98144,Nonresidential WA,475134.0
2021,98144,SPS-District K-12,3927141.0
2021,98146,Multifamily LR (1-4),875287.0
2021,98146,NonResidential,314877.0
2021,98146,SPS-District K-12,239936.0
2021,98155,Multifamily LR (1-4),607808.0
2021,98155,NonResidential,3240670.0
2021,98177,Multifamily LR (1-4),792085.0
2021,98177,NonResidential,1937433.0
2021,98178,NonResidential,161735.0
2021,98178,SPS-District K-12,166724.0
2021,98195,Nonresidential WA,52115927.0
2021,98199,Multifamily LR (1-4),8584955.0
2021,98199,Multifamily MR (5-9),2994246.0
2021,98199,NonResidential,4248455.0
2021,98199,SPS-District K-12,935893.0
2022,98101,Campus,18578224.0
2022,98101,Multifamily HR (10+),84120025.0
2022,98101,Multifamily LR (1-4),3987159.0
2022,98101,Multifamily MR (5-9),16869220.0
2022,98101,NonResidential,462061817.0
2022,98101,Nonresidential COS,7709580.0
2022,98102,Multifamily HR (10+),4384278.0
2022,98102,Multifamily LR (1-4),18101832.0
2022,98102,Multifamily MR (5-9),26962133.0
2022,98102,NonResidential,37242565.0
2022,98102,SPS-District K-12,686567.0
2022,98103,Campus,7282691.0
2022,98103,Multifamily HR (10+),1569447.0
2022,98103,Multifamily LR (1-4),23119295.0
2022,98103,Multifamily MR (5-9),13096053.0
2022,98103,NonResidential,41294780.0
2022,98103,Nonresidential COS,2105707.0
2022,98103,SPS-District K-12,4895864.0
2022,98104,Campus,33750698.0
2022,98104,Multifamily HR (10+),36458035.0
2022,98104,Multifamily LR (1-4),7641588.0
2022,98104,Multifamily MR (5-9),38392561.0
2022,98104,NonResidential,305472126.0
2022,98104,Nonresidential COS,26979582.0
2022,98104,SPS-District K-12,210745.0
2022,98105,Campus,30974510.0
2022,98105,Multifamily HR (10+),5757827.0
2022,98105,Multifamily LR (1-4),18303606.0
2022,98105,Multifamily MR (5-9),25746014.0
2022,98105,NonResidential,64882052.0
2022,98105,Nonresidential COS,260123.0
2022,98105,Nonresidential WA,33226809.0
2022,98105,SPS-District K-12,945040.0
2022,98106,Campus,6810299.0
2022,98106,Multifamily LR (1-4),11713878.0
2022,98106,Multifamily MR (5-9),4115196.0
2022,98106,NonResidential,7945809.0
2022,98106,Nonresidential COS,909760.0
2022,98106,Nonresidential WA,680374.0
2022,98106,SPS-District K-12,4117602.0
2022,98107,Campus,9522973.0
2022,98107,Multifamily LR (1-4),6515427.0
2022,98107,Multifamily MR (5-9),25916336.0
2022,98107,NonResidential,30694467.0
2022,98107,Nonresidential COS,1219904.0
2022,98107,SPS-District K-12,1066661.0
2022,98108,Campus,57521144.0
2022,98108,Multifamily LR (1-4),4181873.0
2022,98108,NonResidential,37068174.0
2022,98108,Nonresidential COS,436346.0
2022,98108,Nonresidential WA,156260.0
2022,98108,SPS-District K-12,2265462.0
2022,98109,Multifamily HR (10+),12924546.0
2022,98109,Multifamily LR (1-4),22876111.0
2022,98109,Multifamily MR (5-9),65432533.0
2022,98109,NonResidential,370417184.0
2022,98109,Nonresidential COS,10117700.0
2022,98109,Nonresidential WA,11444850.0
2022,98109,SPS-District K-12,783410.0
2022,98112,Campus,13289120.0
2022,98112,Multifamily HR (10+),3924958.0
2022,98112,Multifamily LR (1-4),10745005.0
2022,98112,Multifamily MR (5-9),5579806.0
2022,98112,NonResidential,7542002.0
2022,98112,Nonresidential COS,2210679.0
2022,98112,SPS-District K-12,1106885.0
2022,98115,Campus,939770.0
2022,98115,Multifamily HR (10+),1235892.0
2022,98115,Multifamily LR (1-4),23475235.0
2022,98115,Multifamily MR (5-9),17095567.0
2022,98115,NonResidential,28917429.0
2022,98115,Nonresidential COS,3891821.0
2022,98115,Nonresidential WA,3177516.0
2022,98115,SPS-District K-12,5413729.0
2022,98116,Multifamily LR (1-4),12862828.0
2022,98116,Multifamily MR (5-9),23293493.0
2022,98116,NonResidential,10589343.0
2022,98116,SPS-District K-12,3619615.0
2022,98117,Multifamily LR (1-4),3379618.0
2022,98117,Multifamily MR (5-9),3193707.0
2022,98117,NonResidential,7252607.0
2022,98117,Nonresidential COS,145998.0
2022,98117,SPS-District K-12,5105538.0
2022,98118,Multifamily LR (1-4),21297171.0
2022,98118,Multifamily MR (5-9),9983145.0
2022,98118,NonResidential,17038078.0
2022,98118,Nonresidential COS,1672956.0
2022,98118,Nonresidential WA,136286.0
2022,98118,SPS-District K-12,6013589.0
2022,98119,Campus,58665942.0
2022,98119,Multifamily HR (10+),4018719.0
2022,98119,Multifamily LR (1-4),15790151.0
2022,98119,Multifamily MR (5-9),18078491.0
2022,98119,NonResidential,49484375.0
2022,98119,Nonresidential COS,132410.0
2022,98119,SPS-District K-12,1016764.0
2022,98121,Campus,15484151.0
2022,98121,Multifamily HR (10+),86770716.0
2022,98121,Multifamily LR (1-4),3255339.0
2022,98121,Multifamily MR (5-9),36838920.0
2022,98121,NonResidential,231007591.0
2022,98121,Nonresidential COS,430802.0
2022,98122,Campus,81564406.0
2022,98122,Multifamily HR (10+),1278263.0
2022,98122,Multifamily LR (1-4),18643011.0
2022,98122,Multifamily MR (5-9),53830974.0
2022,98122,NonResidential,48264025.0
2022,98122,Nonresidential COS,1326658.0
2022,98122,SPS-District K-12,4373751.0
2022,98125,Campus,1294713.0
2022,98125,Multifamily LR (1-4),34468792.0
2022,98125,Multifamily MR (5-9),23757115.0
2022,98125,NonResidential,22987206.0
2022,98125,Nonresidential COS,972363.0
2022,98125,SPS-District K-12,3413395.0
2022,98126,Multifamily LR (1-4),8869123.0
2022,98126,Multifamily MR (5-9),8203462.0
2022,98126,NonResidential,9913194.0
2022,98126,Nonresidential COS,630863.0
2022,98126,SPS-District K-12,882367.0
2022,98133,Campus,13872600.0
2022,98133,Multifamily HR (10+),2077506.0
2022,98133,Multifamily LR (1-4),23653751.0
2022,98133,Multifamily MR (5-9),12947749.0
2022,98133,NonResidential,32792212.0
2022,98133,Nonresidential COS,1146141.0
2022,98133,SPS-District K-12,1646319.0
2022,98134,Campus,37677749.0
2022,98134,Multifamily LR (1-4),990875.0
2022,98134,NonResidential,116830849.0
2022,98134,Nonresidential COS,12143055.0
2022,98134,Nonresidential WA,249727.0
2022,98134,SPS-District K-12,4890821.0
2022,98136,Multifamily LR (1-4),5723719.0
2022,98136,Multifamily MR (5-9),1701027.0
2022,98136,NonResidential,753276.0
2022,98136,SPS-District K-12,370075.0
2022,98144,Multifamily HR (10+),1679730.0
2022,98144,Multifamily LR (1-4),11959920.0
2022,98144,Multifamily MR (5-9),25938710.0
2022,98144,NonResidential,20899493.0
2022,98144,Nonresidential COS,482152.0
2022,98144,Nonresidential WA,504597.0
2022,98144,SPS-District K-12,4092677.0
2022,98146,Multifamily LR (1-4),885330.0
2022,98146,NonResidential,348173.0
2022,98146,SPS-District K-12,320154.0
2022,98155,Multifamily LR (1-4),626117.0
2022,98155,NonResidential,2994526.0
2022,98177,Multifamily LR (1-4),774964.0
2022,98177,NonResidential,1931874.0
2022,98178,NonResidential,167290.0
2022,98178,SPS-District K-12,226115.0
2022,98195,Nonresidential WA,52436469.0
2022,98199,Multifamily LR (1-4),9767318.0
2022,98199,Multifamily MR (5-9),3045670.0
2022,98199,NonResidential,4276764.0
2022,98199,SPS-District K-12,1009119.0
2023,98101,Campus,19441225.0
2023,98101,Multifamily HR (10+),84173620.0
2023,98101,Multifamily LR (1-4),3954472.0
2023,98101,Multifamily MR (5-9),16830983.0
2023,98101,NonResidential,444008150.0
2023,98101,Nonresidential COS,7575114.0
2023,98102,Multifamily HR (10+),4187575.0
2023,98102,Multifamily LR (1-4),17513562.0
2023,98102,Multifamily MR (5-9),27429575.0
2023,98102,NonResidential,43346078.0
2023,98102,SPS-District K-12,720620.0
2023,98103,Campus,6885252.0
2023,98103,Multifamily HR (10+),1591157.0
2023,98103,Multifamily LR (1-4),22945531.0
2023,98103,Multifamily MR (5-9),14705998.0
2023,98103,NonResidential,39869781.0
2023,98103,Nonresidential COS,2076385.0
2023,98103,SPS-District K-12,4565423.0
2023,98104,Campus,33376079.0
2023,98104,Multifamily HR (10+),37627186.0
2023,98104,Multifamily LR (1-4),7160537.0
2023,98104,Multifamily MR (5-9),39557269.0
2023,98104,NonResidential,311865268.0
2023,98104,Nonresidential COS,26657285.0
2023,98104,SPS-District K-12,237759.0
2023,98105,Campus,31833010.0
2023,98105,Multifamily HR (10+),9000783.0
2023,98105,Multifamily LR (1-4),18203184.0
2023,98105,Multifamily MR (5-9),32102285.0
2023,98105,NonResidential,64788780.0
2023,98105,Nonresidential COS,278026.0
2023,98105,Nonresidential WA,33436714.0
2023,98105,SPS-District K-12,873418.0
2023,98106,Campus,9468825.0
2023,98106,Multifamily LR (1-4),11788707.0
2023,98106,Multifamily MR (5-9),4049221.0
2023,98106,NonResidential,8797870.0
2023,98106,Nonresidential COS,915772.0
2023,98106,Nonresidential WA,516255.0
2023,98106,SPS-District K-12,4094074.0
2023,98107,Campus,8816550.0
2023,98107,Multifamily LR (1-4),6355457.0
2023,98107,Multifamily MR (5-9),27635118.0
2023,98107,NonResidential,32885335.0
2023,98107,Nonresidential COS,1237756.0
2023,98107,SPS-District K-12,967502.0
2023,98108,Campus,58222475.0
2023,98108,Multifamily LR (1-4),4038010.0
2023,98108,NonResidential,36622557.0
2023,98108,Nonresidential COS,403773.0
2023,98108,Nonresidential WA,156399.0
2023,98108,SPS-District K-12,2491889.0
2023,98109,Multifamily HR (10+),14393953.0
2023,98109,Multifamily LR (1-4),22429932.0
2023,98109,Multifamily MR (5-9),64719454.0
2023,98109,NonResidential,377851111.0
2023,98109,Nonresidential COS,10538284.0
2023,98109,Nonresidential WA,11560930.0
2023,98109,SPS-District K-12,799238.0
2023,98112,Campus,13359304.0
2023,98112,Multifamily HR (10+),3875101.0
2023,98112,Multifamily LR (1-4),9991869.0
2023,98112,Multifamily MR (5-9),5367703.0
2023,98112,NonResidential,8486388.0
2023,98112,Nonresidential COS,2062101.0
2023,98112,SPS-District K-12,967640.0
2023,98115,Campus,946343.0
2023,98115,Multifamily HR (10+),1123758.0
2023,98115,Multifamily LR (1-4),23917918.0
2023,98115,Multifamily MR (5-9),21127890.0
2023,98115,NonResidential,29122098.0
2023,98115,Nonresidential COS,4147907.0
2023,98115,Nonresidential WA,3587803.0
2023,98115,SPS-District K-12,5285288.0
2023,98116,Multifamily LR (1-4),12059647.0
2023,98116,Multifamily MR (5-9),25029197.0
2023,98116,NonResidential,11237810.0
2023,98116,SPS-District K-12,3435999.0
2023,98117,Multifamily LR (1-4),3324396.0
2023,98117,Multifamily MR (5-9),3070437.0
2023,98117,NonResidential,7309096.0
2023,98117,Nonresidential COS,153325.0
2023,98117,SPS-District K-12,4415317.0
2023,98118,Multifamily LR (1-4),20337673.0
2023,98118,Multifamily MR (5-9),14229885.0
2023,98118,NonResidential,17036698.0
2023,98118,Nonresidential COS,1579949.0
2023,98118,Nonresidential WA,197148.0
2023,98118,SPS-District K-12,5885248.0
2023,98119,Campus,47330917.0
2023,98119,Multifamily HR (10+),4041603.0
2023,98119,Multifamily LR (1-4),14818074.0
2023,98119,Multifamily MR (5-9),16977298.0
2023,98119,NonResidential,48410697.0
2023,98119,Nonresidential COS,186904.0
2023,98119,SPS-District K-12,937752.0
2023,98121,Campus,15888684.0
2023,98121,Multifamily HR (10+),91726659.0
2023,98121,Multifamily LR (1-4),3160372.0
2023,98121,Multifamily MR (5-9),36329813.0
2023,98121,NonResidential,226135004.0
2023,98121,Nonresidential COS,435659.0
2023,98122,Campus,79320775.0
2023,98122,Multifamily HR (10+),1179567.0
2023,98122,Multifamily LR (1-4),18821530.0
2023,98122,Multifamily MR (5-9),57924343.0
2023,98122,NonResidential,46810252.0
2023,98122,Nonresidential COS,1426410.0
2023,98122,SPS-District K-12,3886002.0
2023,98125,Campus,1107360.0
2023,98125,Multifamily LR (1-4),33276907.0
2023,98125,Multifamily MR (5-9),23876451.0
2023,98125,NonResidential,25397868.0
2023,98125,Nonresidential COS,910863.0
2023,98125,SPS-District K-12,3096086.0
2023,98126,Multifamily LR (1-4),10127077.0
2023,98126,Multifamily MR (5-9),8380699.0
2023,98126,NonResidential,10263557.0
2023,98126,Nonresidential COS,832881.0
2023,98126,SPS-District K-12,1318762.0
2023,98133,Campus,14015910.0
2023,98133,Multifamily HR (10+),1956357.0
2023,98133,Multifamily LR (1-4),23579492.0
2023,98133,Multifamily MR (5-9),12924932.0
2023,98133,NonResidential,31527055.0
2023,98133,Nonresidential COS,1086652.0
2023,98133,SPS-District K-12,1667429.0
2023,98134,Campus,38145721.0
2023,98134,Multifamily LR (1-4),1014484.0
2023,98134,NonResidential,116771071.0
2023,98134,Nonresidential COS,11913465.0
2023,98134,Nonresidential WA,251672.0
2023,98134,SPS-District K-12,5716174.0
2023,98136,Multifamily LR (1-4),5407108.0
2023,98136,Multifamily MR (5-9),1657154.0
2023,98136,NonResidential,397394.0
2023,98136,SPS-District K-12,351262.0
2023,98144,Multifamily HR (10+),1562073.0
2023,98144,Multifamily LR (1-4),11823544.0
2023,98144,Multifamily MR (5-9),28732529.0
2023,98144,NonResidential,20709209.0
2023,98144,Nonresidential COS,488455.0
2023,98144,Nonresidential WA,489078.0
2023,98144,SPS-District K-12,3741247.0
2023,98146,Multifamily LR (1-4),878035.0
2023,98146,NonResidential,455307.0
2023,98146,SPS-District K-12,407205.0
2023,98155,Multifamily LR (1-4),621427.0
2023,98155,NonResidential,3272931.0
2023,98177,Multifamily LR (1-4),741203.0
2023,98177,NonResidential,2851716.0
2023,98178,NonResidential,200505.0
2023,98178,SPS-District K-12,259439.0
2023,98195,Nonresidential WA,50645079.0
2023,98199,Multifamily LR (1-4),9254765.0
2023,98199,Multifamily MR (5-9),2972119.0
2023,98199,NonResidential,4048434.0
2023,98199,SPS-District K-12,937802.0
